Codon,Amino_Acid,Host_RSCU,EU418428.2,KY779849.1,MF398190.1,MH159197.1,MN045228.1,MN047438.1,MN150710.1,MN336261.1,MN336262.1,MN336263.1,MT926124.1,NC_007021.1,NC_007056.1,NC_019726.1,NC_021863.1,NC_023009.1,NC_047722.1,NC_047723.1,NC_047724.1,NC_047725.1,NC_047726.1,NC_047727.1
TTC,Phe,0.5366,0.5443,0.498,0.5364,0.4859,0.5357,0.5363,0.4,0.5589,0.5577,0.5588,0.4415,0.3798,0.652,0.5225,0.7556,0.5556,0.5433,0.535,0.5347,0.5396,0.5354,0.5423
TTT,Phe,1.4634,1.4557,1.502,1.4636,1.5141,1.4643,1.4637,1.6,1.4411,1.4423,1.4412,1.5585,1.6202,1.348,1.4775,1.2444,1.4444,1.4567,1.465,1.4653,1.4604,1.4646,1.4577
TTA,Leu,3.5423,3.6769,3.7328,3.6944,3.7502,3.7138,3.6744,4.5237,3.6995,3.7042,3.7063,4.5033,3.6476,2.9199,3.7673,3.024,3.7114,3.6712,3.6671,3.6853,3.6829,3.6832,3.6755
TTG,Leu,0.8934,0.3723,0.3484,0.3746,0.3487,0.3445,0.3773,0.4334,0.371,0.3725,0.371,0.3709,0.356,0.9929,0.3357,1.0822,0.3707,0.375,0.3768,0.3621,0.3673,0.3805,0.3655
CTT,Leu,0.7052,0.8613,0.8427,0.862,0.85,0.8295,0.8623,0.5282,0.8829,0.8748,0.877,0.5166,0.8587,0.8327,0.8384,0.7335,0.8802,0.8596,0.86,0.8511,0.853,0.8574,0.8591
CTC,Leu,0.1351,0.0806,0.0858,0.0787,0.0746,0.0908,0.0785,0.1625,0.0767,0.0774,0.078,0.1325,0.0948,0.1922,0.0835,0.2044,0.0766,0.0805,0.0829,0.0846,0.0812,0.0761,0.0871
CTA,Leu,0.5663,0.9351,0.9027,0.9253,0.8968,0.9529,0.9408,0.298,0.9078,0.9083,0.9044,0.3311,0.9535,0.774,0.9183,0.7816,0.8968,0.9401,0.9429,0.9459,0.9461,0.9369,0.9411
CTG,Leu,0.1578,0.0738,0.0875,0.065,0.0798,0.0686,0.0666,0.0542,0.0622,0.0628,0.0632,0.1457,0.0894,0.2883,0.0568,0.1743,0.0642,0.0736,0.0703,0.0711,0.0694,0.066,0.0717
ATT,Ile,1.8216,1.5716,1.5583,1.5642,1.5915,1.5808,1.5594,1.8306,1.576,1.577,1.5777,1.8511,1.6975,1.4614,1.5859,1.2635,1.5749,1.5714,1.5507,1.5686,1.5729,1.5579,1.5783
ATC,Ile,0.5178,0.298,0.2734,0.2913,0.2543,0.2866,0.2926,0.4176,0.2884,0.2887,0.2925,0.461,0.2379,0.7178,0.3047,0.781,0.2861,0.2973,0.2931,0.2957,0.2959,0.2947,0.2927
ATA,Ile,0.6607,1.1304,1.1683,1.1445,1.1542,1.1326,1.148,0.7517,1.1356,1.1343,1.1298,0.6879,1.0646,0.8208,1.1094,0.9556,1.1389,1.1313,1.1562,1.1357,1.1312,1.1475,1.129
ATG,Met,1.0,1.0,1.0,1.0,1.0,1.0,1.0,1.0,1.0,1.0,1.0,1.0,1.0,1.0,1.0,1.0,1.0,1.0,1.0,1.0,1.0,1.0,1.0
GTT,Val,1.6312,1.5629,1.559,1.5626,1.5616,1.5757,1.5633,1.6609,1.5908,1.5902,1.6028,1.5,1.3576,1.463,1.5758,1.57,1.589,1.5612,1.5759,1.568,1.5628,1.5613,1.5701
GTC,Val,0.4404,0.1624,0.1729,0.165,0.1574,0.1608,0.166,0.2907,0.1558,0.1555,0.1511,0.2571,0.1267,0.4059,0.1496,0.445,0.1558,0.1636,0.1702,0.1617,0.166,0.1674,0.1651
GTA,Val,1.3592,2.0877,2.0689,2.0884,2.0892,2.0825,2.083,1.4256,2.0822,2.0795,2.0721,1.6429,2.2289,1.4123,2.086,1.48,2.0839,2.0883,2.0746,2.0815,2.0794,2.0837,2.0739
GTG,Val,0.5693,0.187,0.1993,0.184,0.1918,0.181,0.1877,0.6228,0.1712,0.1747,0.174,0.6,0.2867,0.7188,0.1886,0.505,0.1712,0.1868,0.1793,0.1888,0.1918,0.1876,0.1909
TCT,Ser,1.2699,1.7383,1.7217,1.747,1.7592,1.7595,1.7486,0.9894,1.8299,1.829,1.8238,1.0955,1.9769,1.2238,1.7451,1.1802,1.8329,1.7383,1.7617,1.7428,1.7366,1.7481,1.7454
TCC,Ser,0.1667,0.1979,0.2076,0.1882,0.1724,0.1969,0.1891,0.1117,0.2011,0.2027,0.2004,0.1011,0.3022,0.2098,0.1823,0.1447,0.2015,0.1979,0.2023,0.2039,0.2007,0.1926,0.1989
TCA,Ser,2.004,1.7149,1.7455,1.7106,1.7439,1.7146,1.7188,2.6968,1.7122,1.7164,1.7186,2.6292,1.3495,1.4895,1.7473,1.4924,1.7101,1.7149,1.7089,1.7155,1.7113,1.7101,1.7116
TCG,Ser,0.3886,0.0702,0.0671,0.0727,0.0808,0.0664,0.0722,0.1915,0.0711,0.0701,0.0701,0.2528,0.1223,0.4895,0.0622,0.4721,0.0688,0.0702,0.0704,0.0715,0.0697,0.072,0.0698
AGT,Ser,1.6551,1.8362,1.8558,1.8689,1.8814,1.8516,1.8633,1.6755,1.825,1.824,1.8263,1.5506,1.9446,1.8112,1.8585,1.8883,1.8329,1.8383,1.8321,1.8437,1.8486,1.8624,1.8512
AGC,Ser,0.5157,0.4426,0.4023,0.4127,0.3623,0.411,0.4079,0.3351,0.3606,0.3578,0.3608,0.3708,0.3045,0.7762,0.4046,0.8223,0.3538,0.4404,0.4245,0.4226,0.4331,0.4148,0.4231
CCT,Pro,1.3468,2.7365,2.711,2.7374,2.7363,2.7376,2.7464,1.1156,2.7624,2.7735,2.7611,1.1268,2.3247,1.8803,2.7208,1.4986,2.7493,2.7376,2.7287,2.7424,2.7267,2.7268,2.7564
CCC,Pro,0.1222,0.1099,0.0876,0.1061,0.0731,0.1114,0.1059,0.1905,0.097,0.1002,0.0972,0.169,0.2509,0.2395,0.0899,0.2094,0.1007,0.1098,0.0983,0.0983,0.1053,0.1055,0.0988
CCA,Pro,2.0285,0.9167,0.9702,0.9136,0.9295,0.9114,0.9052,2.1224,0.9389,0.9299,0.9474,2.169,1.3395,1.4191,0.9507,1.4545,0.9409,0.916,0.9552,0.922,0.9338,0.9226,0.9131
CCG,Pro,0.5024,0.2369,0.2312,0.2429,0.2611,0.2397,0.2425,0.5714,0.2017,0.1964,0.1943,0.5352,0.0849,0.4612,0.2385,0.8375,0.2091,0.2367,0.2177,0.2373,0.2343,0.2451,0.2317
ACT,Thr,1.1606,1.5943,1.58,1.5997,1.5744,1.5669,1.5972,1.0119,1.5993,1.5856,1.5909,0.9068,1.5777,1.3663,1.5699,1.3592,1.6018,1.5952,1.5993,1.5997,1.578,1.5981,1.5848
ACC,Thr,0.1868,0.1651,0.1549,0.1671,0.1536,0.1688,0.1706,0.1429,0.1713,0.176,0.1751,0.2112,0.2411,0.2876,0.1601,0.199,0.17,0.1651,0.1741,0.1715,0.176,0.1677,0.1752
ACA,Thr,1.9937,2.0643,2.0696,2.0597,2.0912,2.0671,2.0585,2.3095,2.0599,2.0681,2.0666,2.3106,1.8877,1.7348,2.0873,1.835,2.06,2.0635,2.0542,2.0574,2.0778,2.0585,2.0726
ACG,Thr,0.6589,0.1763,0.1955,0.1735,0.1808,0.1972,0.1738,0.5357,0.1695,0.1703,0.1675,0.5714,0.2936,0.6112,0.1827,0.6068,0.1681,0.1762,0.1724,0.1715,0.1682,0.1756,0.1673
GCT,Ala,1.2638,1.8087,1.8599,1.8153,1.8576,1.8563,1.8204,1.2072,1.8817,1.886,1.8973,1.3333,1.8825,1.466,1.8686,1.5019,1.8762,1.8091,1.8241,1.8154,1.8202,1.8052,1.8344
GCC,Ala,0.2779,0.2403,0.2169,0.2432,0.1876,0.2273,0.2409,0.2342,0.2417,0.2414,0.2405,0.1732,0.1977,0.3627,0.2242,0.1858,0.2476,0.2397,0.2407,0.2374,0.2427,0.2426,0.2357
GCA,Ala,1.8693,1.8065,1.7898,1.8041,1.8298,1.805,1.8026,2.1261,1.7778,1.7733,1.7622,1.9913,1.6991,1.4509,1.7735,1.4968,1.7772,1.8069,1.7824,1.7956,1.7893,1.8119,1.7854
GCG,Ala,0.589,0.1446,0.1333,0.1374,0.1251,0.1114,0.1361,0.4324,0.0988,0.0993,0.1,0.5022,0.2206,0.7204,0.1336,0.8155,0.099,0.1443,0.1528,0.1516,0.1478,0.1402,0.1445
TAT,Tyr,1.5622,1.4508,1.4626,1.4616,1.4777,1.4486,1.4657,1.568,1.456,1.4593,1.4549,1.5877,1.4101,1.1648,1.4534,1.3139,1.4589,1.4495,1.4525,1.4576,1.4554,1.4584,1.4478
TAC,Tyr,0.4378,0.5492,0.5374,0.5384,0.5223,0.5514,0.5343,0.432,0.544,0.5407,0.5451,0.4123,0.5899,0.8352,0.5466,0.6861,0.5411,0.5505,0.5475,0.5424,0.5446,0.5416,0.5522
CAT,His,1.602,1.5127,1.5511,1.5508,1.5344,1.5529,1.5467,1.5098,1.5621,1.5851,1.5801,1.619,1.4984,1.1318,1.5599,1.1705,1.5663,1.5127,1.5228,1.5042,1.5246,1.5391,1.5112
CAC,His,0.398,0.4873,0.4489,0.4492,0.4656,0.4471,0.4533,0.4902,0.4379,0.4149,0.4199,0.381,0.5016,0.8682,0.4401,0.8295,0.4337,0.4873,0.4772,0.4958,0.4754,0.4609,0.4888
CAA,Gln,1.7537,1.6418,1.6319,1.6494,1.6365,1.6368,1.6471,1.8281,1.648,1.6492,1.6464,1.8142,1.6561,1.6967,1.6424,1.704,1.6498,1.6418,1.6492,1.6395,1.6365,1.6477,1.6412
CAG,Gln,0.2463,0.3582,0.3681,0.3506,0.3635,0.3632,0.3529,0.1719,0.352,0.3508,0.3536,0.1858,0.3439,0.3033,0.3576,0.296,0.3502,0.3582,0.3508,0.3605,0.3635,0.3523,0.3588
AAT,Asn,1.5186,1.5081,1.5014,1.5167,1.51,1.5036,1.5219,1.2934,1.5215,1.5263,1.5245,1.3501,1.4383,1.1623,1.513,1.1773,1.5198,1.5088,1.5026,1.5099,1.509,1.5161,1.5074
AAC,Asn,0.4814,0.4919,0.4986,0.4833,0.49,0.4964,0.4781,0.7066,0.4785,0.4737,0.4755,0.6499,0.5617,0.8377,0.487,0.8227,0.4802,0.4912,0.4974,0.4901,0.491,0.4839,0.4926
AAA,Lys,1.6201,1.5426,1.5248,1.5523,1.5296,1.5349,1.5506,1.7741,1.5515,1.5518,1.5498,1.7559,1.4936,1.5045,1.5431,1.5258,1.554,1.5419,1.5413,1.547,1.5427,1.5498,1.5433
AAG,Lys,0.3799,0.4574,0.4752,0.4477,0.4704,0.4651,0.4494,0.2259,0.4485,0.4482,0.4502,0.2441,0.5064,0.4955,0.4569,0.4742,0.446,0.4581,0.4587,0.453,0.4573,0.4502,0.4567
GAT,Asp,1.5654,1.545,1.5498,1.5391,1.5568,1.545,1.5443,1.2988,1.5607,1.5604,1.5608,1.3634,1.4766,1.2796,1.5639,1.3222,1.5637,1.5453,1.5408,1.5398,1.5402,1.5406,1.5419
GAC,Asp,0.4346,0.455,0.4502,0.4609,0.4432,0.455,0.4557,0.7012,0.4393,0.4396,0.4392,0.6366,0.5234,0.7204,0.4361,0.6778,0.4363,0.4547,0.4592,0.4602,0.4598,0.4594,0.4581
GAA,Glu,1.6749,1.4813,1.4969,1.4951,1.5165,1.4985,1.495,1.7167,1.506,1.5052,1.5033,1.6322,1.4955,1.4661,1.5023,1.4793,1.5031,1.4813,1.4874,1.4867,1.4862,1.4932,1.4871
GAG,Glu,0.3251,0.5187,0.5031,0.5049,0.4835,0.5015,0.505,0.2833,0.494,0.4948,0.4967,0.3678,0.5045,0.5339,0.4977,0.5207,0.4969,0.5187,0.5126,0.5133,0.5138,0.5068,0.5129
TGT,Cys,1.5967,1.7391,1.6682,1.7521,1.6592,1.7429,1.7623,1.6364,1.734,1.7363,1.7416,1.5484,1.6537,1.3,1.6759,1.4706,1.7354,1.7391,1.717,1.7478,1.7627,1.7531,1.7586
TGC,Cys,0.4033,0.2609,0.3318,0.2479,0.3408,0.2571,0.2377,0.3636,0.266,0.2637,0.2584,0.4516,0.3463,0.7,0.3241,0.5294,0.2646,0.2609,0.283,0.2522,0.2373,0.2469,0.2414
TGG,Trp,1.0,1.0,1.0,1.0,1.0,1.0,1.0,1.0,1.0,1.0,1.0,1.0,1.0,1.0,1.0,1.0,1.0,1.0,1.0,1.0,1.0,1.0,1.0
CGT,Arg,2.2613,0.9757,1.0516,0.945,1.0574,1.0287,0.9266,2.9341,1.0136,0.9946,1.0039,3.1319,1.3568,2.0386,1.0134,1.3829,1.0045,0.975,0.9759,0.9645,0.9662,0.9486,0.9716
CGC,Arg,0.5426,0.0922,0.0675,0.0873,0.0792,0.0704,0.0835,0.1978,0.0679,0.0648,0.0697,0.3626,0.1249,0.6087,0.0761,0.48,0.0679,0.0921,0.0976,0.086,0.0865,0.0866,0.0907
CGA,Arg,0.8435,0.315,0.2976,0.3112,0.2812,0.3168,0.3114,0.4945,0.3213,0.3285,0.3207,0.2967,0.4609,0.6377,0.3124,0.7771,0.3213,0.3148,0.2967,0.3065,0.3158,0.3162,0.31
CGG,Arg,0.0817,0.0423,0.0317,0.038,0.0277,0.0313,0.038,0.0,0.0271,0.0278,0.0279,0.033,0.0689,0.1063,0.032,0.1257,0.0271,0.0422,0.039,0.0449,0.0451,0.0376,0.0454
AGA,Arg,2.0123,4.0256,4.0635,4.0949,4.0238,4.06,4.1165,2.2088,4.1176,4.1264,4.1317,2.044,3.1701,2.0966,4.1015,2.7086,4.1267,4.023,4.0091,4.0262,4.0301,4.0841,4.0227
AGG,Arg,0.2585,0.5493,0.4881,0.5237,0.5307,0.4928,0.5241,0.1648,0.4525,0.458,0.4462,0.1319,0.8184,0.5121,0.4646,0.5257,0.4525,0.5528,0.5817,0.572,0.5564,0.527,0.5595
GGT,Gly,2.1535,2.1304,2.1464,2.1334,2.1583,2.1407,2.1326,2.797,2.1687,2.1694,2.16,2.7955,2.1204,1.8978,2.1139,1.7299,2.1714,2.1312,2.1199,2.1082,2.1227,2.1298,2.1123
GGC,Gly,0.6177,0.1847,0.1802,0.1925,0.1575,0.2053,0.194,0.3759,0.1807,0.1779,0.179,0.3123,0.1938,0.7491,0.2046,0.9039,0.1797,0.1846,0.1932,0.1941,0.1944,0.1923,0.1973
GGA,Gly,0.9402,1.3852,1.3854,1.37,1.3853,1.3905,1.3759,0.5414,1.3665,1.363,1.3695,0.6394,1.2154,0.9035,1.3927,1.0597,1.3617,1.3846,1.3955,1.4002,1.3865,1.3718,1.3921
GGG,Gly,0.2886,0.2997,0.288,0.3041,0.2988,0.2635,0.2975,0.2857,0.284,0.2896,0.2914,0.2528,0.4704,0.4495,0.2888,0.3065,0.2872,0.2996,0.2914,0.2975,0.2964,0.3061,0.2983
