Phage,Accession,tRNA_Count_functional,tRNA_Count_pseudo,tRNA_Types,Anticodons,Total_Codons_Decoded,Rare_Host_Codons_Covered,Specific_Rare_Codons,Pattern_Status
Staphylococcus phage A5W,EU418428.2,3,0,Asp;Ile2;Phe,CAT;GAA;GTC,5,1,—,validated (anchor fully recovered de-novo)
Staphylococcus phage qdsa002,KY779849.1,3,0,Asp;Ile2;Phe,CAT;GAA;GTC,5,1,—,validated (anchor fully recovered de-novo)
Staphylococcus phage vB_SauM-fRuSau02,MF398190.1,3,0,Asp;Ile2;Phe,CAT;GAA;GTC,5,1,—,validated (anchor fully recovered de-novo)
Staphylococcus phage VB_SavM_JYL01,MH159197.1,3,0,Asp;Ile2;Phe,CAT;GAA;GTC,5,1,—,validated (anchor fully recovered de-novo)
Staphylococcus phage Maine,MN045228.1,3,0,Asp;Ile2;Phe,CAT;GAA;GTC,5,1,—,validated (anchor fully recovered de-novo)
Staphylococcus phage vB_SauM-515A1,MN047438.1,3,0,Asp;Ile2;Phe,CAT;GAA;GTC,5,1,—,validated (anchor fully recovered de-novo)
Staphylococcus phage vB_SauP-436A1,MN150710.1,0,0,—,—,0,0,0,validated (anchor fully recovered de-novo)
Staphylococcus phage Sb1_8383,MN336261.1,3,0,Asp;Ile2;Phe,CAT;GAA;GTC,5,1,—,validated (anchor fully recovered de-novo)
Staphylococcus phage Sb1M_6168,MN336262.1,3,0,Asp;Ile2;Phe,CAT;GAA;GTC,5,1,—,validated (anchor fully recovered de-novo)
Staphylococcus phage Sb1M_9832,MN336263.1,3,0,Asp;Ile2;Phe,CAT;GAA;GTC,5,1,—,validated (anchor fully recovered de-novo)
Staphylococcus phage Portland,MT926124.1,0,0,—,—,0,0,0,validated (anchor fully recovered de-novo)
Staphylococcus phage Twort,NC_007021.1,1,0,Ile2,CAT,1,0,—,validated (anchor fully recovered de-novo)
Staphylococcus phage EW,NC_007056.1,0,0,—,—,0,0,0,validated (anchor fully recovered de-novo)
Staphylococcus phage JD007,NC_019726.1,3,0,Asp;Ile2;Phe,CAT;GAA;GTC,5,1,—,validated (anchor fully recovered de-novo)
Staphylococcus phage SA13,NC_021863.1,0,0,—,—,0,0,0,validated (anchor fully recovered de-novo)
Staphylococcus aureus bacteriophage Sb-1,NC_023009.1,3,0,Asp;Ile2;Phe,CAT;GAA;GTC,5,1,—,validated (anchor fully recovered de-novo)
Staphylococcus phage Staph1N,NC_047722.1,3,0,Asp;Ile2;Phe,CAT;GAA;GTC,5,1,—,validated (anchor fully recovered de-novo)
Staphylococcus phage A3R,NC_047723.1,3,0,Asp;Ile2;Phe,CAT;GAA;GTC,5,1,—,validated (anchor fully recovered de-novo)
Staphylococcus phage 676Z,NC_047724.1,3,0,Asp;Ile2;Phe,CAT;GAA;GTC,5,1,—,validated (anchor fully recovered de-novo)
Staphylococcus phage Fi200W,NC_047725.1,3,0,Asp;Ile2;Phe,CAT;GAA;GTC,5,1,—,validated (anchor fully recovered de-novo)
Staphylococcus phage MSA6,NC_047726.1,3,0,Asp;Ile2;Phe,CAT;GAA;GTC,5,1,—,validated (anchor fully recovered de-novo)
Staphylococcus phage P4W,NC_047727.1,3,0,Asp;Ile2;Phe,CAT;GAA;GTC,5,1,—,validated (anchor fully recovered de-novo)
