Codon,Amino_Acid,Synonymous_Family_Size,Count,Freq_per_1000,RSCU,Rare
CGG,Arg,6,2322,0.48,0.0817,Yes
CCC,Pro,4,4716,0.97,0.1222,Yes
CTC,Leu,6,9985,2.06,0.1351,Yes
CTG,Leu,6,11662,2.41,0.1578,Yes
TCC,Ser,6,8195,1.69,0.1667,Yes
ACC,Thr,4,13081,2.7,0.1868,Yes
CAG,Gln,2,24737,5.11,0.2463,Yes
AGG,Arg,6,7349,1.52,0.2585,Yes
GCC,Ala,4,21504,4.44,0.2779,Yes
GGG,Gly,4,21028,4.34,0.2886,Yes
GAG,Glu,2,51226,10.58,0.3251,Yes
AAG,Lys,2,69917,14.44,0.3799,Yes
TCG,Ser,6,19111,3.95,0.3886,Yes
CAC,His,2,22182,4.58,0.398,Yes
TGC,Cys,2,6255,1.29,0.4033,Yes
GAC,Asp,2,61269,12.65,0.4346,Yes
TAC,Tyr,2,41699,8.61,0.4378,Yes
GTC,Val,4,35744,7.38,0.4404,Yes
AAC,Asn,2,66462,13.72,0.4814,Yes
