Phage,Accession,tRNA_Types,Total_Codons_Decoded,Rare_Host_Codons_Covered,Rare_Codons,Specific_Rare_Codons,Common_Codons_Covered,Common_Codons,RSCU_Threshold,Interpretation
EU418428.2 - Phynteny annotated genome,EU418428.2,Asp; Ile2; Phe,5,1,GAC,—,4,GAT; TTC; TTT; ATA,0.5,Rare codon(s) covered but the full synonymous family is also covered — consistent with anti-defense or non-specific (NOT selective rare-codon supplementation)
KY779849.1 - Phynteny annotated genome,KY779849.1,Asp; Ile2; Phe,5,1,GAC,—,4,GAT; TTC; TTT; ATA,0.5,Rare codon(s) covered but the full synonymous family is also covered — consistent with anti-defense or non-specific (NOT selective rare-codon supplementation)
MF398190.1 - Phynteny annotated genome,MF398190.1,Asp; Ile2; Phe,5,1,GAC,—,4,GAT; TTC; TTT; ATA,0.5,Rare codon(s) covered but the full synonymous family is also covered — consistent with anti-defense or non-specific (NOT selective rare-codon supplementation)
MH159197.1 - Phynteny annotated genome,MH159197.1,Asp; Ile2; Phe,5,1,GAC,—,4,ATA; GAT; TTC; TTT,0.5,Rare codon(s) covered but the full synonymous family is also covered — consistent with anti-defense or non-specific (NOT selective rare-codon supplementation)
MN045228.1 - Phynteny annotated genome,MN045228.1,Asp; Ile2; Phe,5,1,GAC,—,4,GAT; TTC; TTT; ATA,0.5,Rare codon(s) covered but the full synonymous family is also covered — consistent with anti-defense or non-specific (NOT selective rare-codon supplementation)
MN047438.1 - Phynteny annotated genome,MN047438.1,Asp; Ile2; Phe,5,1,GAC,—,4,GAT; TTC; TTT; ATA,0.5,Rare codon(s) covered but the full synonymous family is also covered — consistent with anti-defense or non-specific (NOT selective rare-codon supplementation)
MN336261.1 - Phynteny annotated genome,MN336261.1,Asp; Ile2; Phe,5,1,GAC,—,4,GAT; TTC; TTT; ATA,0.5,Rare codon(s) covered but the full synonymous family is also covered — consistent with anti-defense or non-specific (NOT selective rare-codon supplementation)
MN336262.1 - Phynteny annotated genome,MN336262.1,Asp; Ile2; Phe,5,1,GAC,—,4,GAT; TTC; TTT; ATA,0.5,Rare codon(s) covered but the full synonymous family is also covered — consistent with anti-defense or non-specific (NOT selective rare-codon supplementation)
MN336263.1 - Phynteny annotated genome,MN336263.1,Asp; Ile2; Phe,5,1,GAC,—,4,GAT; TTC; TTT; ATA,0.5,Rare codon(s) covered but the full synonymous family is also covered — consistent with anti-defense or non-specific (NOT selective rare-codon supplementation)
NC_007021.1 - Phynteny annotated genome,NC_007021.1,Ile2,1,0,—,—,1,ATA,0.5,No rare codon covered
NC_019726.1 - Phynteny annotated genome,NC_019726.1,Asp; Ile2; Phe,5,1,GAC,—,4,GAT; TTC; TTT; ATA,0.5,Rare codon(s) covered but the full synonymous family is also covered — consistent with anti-defense or non-specific (NOT selective rare-codon supplementation)
NC_023009.1 - Phynteny annotated genome,NC_023009.1,Asp; Ile2; Phe,5,1,GAC,—,4,GAT; TTC; TTT; ATA,0.5,Rare codon(s) covered but the full synonymous family is also covered — consistent with anti-defense or non-specific (NOT selective rare-codon supplementation)
NC_047722.1 - Phynteny annotated genome,NC_047722.1,Asp; Ile2; Phe,5,1,GAC,—,4,GAT; TTC; TTT; ATA,0.5,Rare codon(s) covered but the full synonymous family is also covered — consistent with anti-defense or non-specific (NOT selective rare-codon supplementation)
NC_047723.1 - Phynteny annotated genome,NC_047723.1,Asp; Ile2; Phe,5,1,GAC,—,4,GAT; TTC; TTT; ATA,0.5,Rare codon(s) covered but the full synonymous family is also covered — consistent with anti-defense or non-specific (NOT selective rare-codon supplementation)
NC_047724.1 - Phynteny annotated genome,NC_047724.1,Asp; Ile2; Phe,5,1,GAC,—,4,GAT; TTC; TTT; ATA,0.5,Rare codon(s) covered but the full synonymous family is also covered — consistent with anti-defense or non-specific (NOT selective rare-codon supplementation)
NC_047725.1 - Phynteny annotated genome,NC_047725.1,Asp; Ile2; Phe,5,1,GAC,—,4,GAT; TTC; TTT; ATA,0.5,Rare codon(s) covered but the full synonymous family is also covered — consistent with anti-defense or non-specific (NOT selective rare-codon supplementation)
NC_047726.1 - Phynteny annotated genome,NC_047726.1,Asp; Ile2; Phe,5,1,GAC,—,4,GAT; TTC; TTT; ATA,0.5,Rare codon(s) covered but the full synonymous family is also covered — consistent with anti-defense or non-specific (NOT selective rare-codon supplementation)
NC_047727.1 - Phynteny annotated genome,NC_047727.1,Asp; Ile2; Phe,5,1,GAC,—,4,GAT; TTC; TTT; ATA,0.5,Rare codon(s) covered but the full synonymous family is also covered — consistent with anti-defense or non-specific (NOT selective rare-codon supplementation)
