,EU418428.2|ACB89049.2,MN336261.1|QIG56434.1,NC_047724.1|YP_009780991.1,NC_047727.1|YP_009781687.1,KY779849.1|ARQ96041.1,MN150710.1|QEA03128.1,MT926124.1|QOI69190.1,NC_007056.1|YP_240182.1,NC_021863.1|YP_008320261.1
EU418428.2|ACB89049.2,100.0,100.0,100.0,100.0,99.24,39.84,40.62,25.19,22.9
MN336261.1|QIG56434.1,100.0,100.0,100.0,100.0,99.24,39.84,40.62,25.19,22.9
NC_047724.1|YP_009780991.1,100.0,100.0,100.0,100.0,99.24,39.84,40.62,25.19,22.9
NC_047727.1|YP_009781687.1,100.0,100.0,100.0,100.0,99.24,39.84,40.62,25.19,22.9
KY779849.1|ARQ96041.1,99.24,99.24,99.24,99.24,100.0,39.84,40.62,25.19,22.9
MN150710.1|QEA03128.1,39.84,39.84,39.84,39.84,39.84,100.0,80.92,37.4,38.93
MT926124.1|QOI69190.1,40.62,40.62,40.62,40.62,40.62,80.92,100.0,41.98,44.27
NC_007056.1|YP_240182.1,25.19,25.19,25.19,25.19,25.19,37.4,41.98,100.0,72.54
NC_021863.1|YP_008320261.1,22.9,22.9,22.9,22.9,22.9,38.93,44.27,72.54,100.0
